{
  "config": {
    "run_name": "exp1_4",
    "out_dir": "./results",
    "seed": 1300326622,
    "device": null,
    "bs_train": 128,
    "bs_test": 32,
    "batches": 100,
    "epochs": 10,
    "early_stopping": 3,
    "checkpoints": null,
    "lr": 0.001,
    "reg": 0.001,
    "filters_per_layer": [
      64,
      128,
      256
    ],
    "layers_per_block": 8,
    "pool_every": 8,
    "hidden_dims": [
      100
    ],
    "model_type": "resnet",
    "kw": {}
  },
  "results": {
    "num_epochs": 0,
    "train_loss": [
      1.7250339673913044,
      1.382271144701087,
      1.2121212073909047,
      1.0540178303828325,
      0.9310646935192215,
      0.841755040161445,
      0.764235942869845,
      0.6990565619505275,
      0.6416710270640186,
      0.5890075995794037
    ],
    "train_acc": [
      36.79,
      49.994,
      56.138,
      62.31,
      66.846,
      70.292,
      72.992,
      75.332,
      77.362,
      79.136
    ],
    "test_loss": [
      1.441916761306909,
      1.2702755669054513,
      1.1934205076564997,
      1.0088707677091653,
      0.9439186364317093,
      0.8899873483676118,
      0.836263930835663,
      0.7657353702825479,
      0.7536196480162989,
      0.8197381260296026
    ],
    "test_acc": [
      47.52,
      53.9,
      57.56,
      63.79,
      67.08,
      68.57,
      70.75,
      73.47,
      73.85,
      72.45
    ]
  }
}