{
  "config": {
    "run_name": "exp1_1",
    "out_dir": "./results",
    "seed": 284335562,
    "device": null,
    "bs_train": 128,
    "bs_test": 32,
    "batches": 100,
    "epochs": 10,
    "early_stopping": 3,
    "checkpoints": null,
    "lr": 0.001,
    "reg": 0.001,
    "filters_per_layer": [
      64
    ],
    "layers_per_block": 4,
    "pool_every": 2,
    "hidden_dims": [
      100
    ],
    "model_type": "cnn",
    "kw": {}
  },
  "results": {
    "num_epochs": 0,
    "train_loss": [
      1.6323267163523019,
      1.1656192867347346,
      0.953946789207361,
      0.82766380212496,
      0.7307571450157848,
      0.654434867527174,
      0.5885408601492567,
      0.5265087703304827,
      0.4711715425066936,
      0.41809526916660006
    ],
    "train_acc": [
      40.376,
      58.24,
      66.19,
      70.838,
      74.318,
      77.068,
      79.262,
      81.552,
      83.508,
      85.186
    ],
    "test_loss": [
      1.3014350866738218,
      1.0550303108775958,
      0.9132782079922125,
      0.8594890752920328,
      0.8126320153379593,
      0.8247315038126498,
      0.771174811707518,
      0.7610986484125399,
      0.8006802397414138,
      0.817994139064996
    ],
    "test_acc": [
      53.22,
      61.76,
      67.63,
      69.74,
      72.18,
      71.57,
      74.01,
      74.34,
      73.86,
      74.64
    ]
  }
}