{
  "config": {
    "run_name": "exp1_2",
    "out_dir": "./results",
    "seed": 849221531,
    "device": null,
    "bs_train": 128,
    "bs_test": 32,
    "batches": 100,
    "epochs": 10,
    "early_stopping": 3,
    "checkpoints": null,
    "lr": 0.001,
    "reg": 0.001,
    "filters_per_layer": [
      128
    ],
    "layers_per_block": 2,
    "pool_every": 2,
    "hidden_dims": [
      100
    ],
    "model_type": "cnn",
    "kw": {}
  },
  "results": {
    "num_epochs": 0,
    "train_loss": [
      1.7209850418598145,
      1.3389889456122124,
      1.1729772231158089,
      1.0867076981098145,
      1.0310859387488012,
      0.9731250187320173,
      0.9272666209189179,
      0.8834005292419278,
      0.8419372090293319,
      0.809625728051071
    ],
    "train_acc": [
      37.508,
      52.324,
      58.486,
      61.79,
      63.57,
      65.618,
      67.188,
      68.738,
      70.202,
      71.432
    ],
    "test_loss": [
      1.442418692591853,
      1.246649891423722,
      1.1786768124126399,
      1.1563783103284744,
      1.1160613721171126,
      1.0874433913550818,
      1.0732893776208068,
      1.082736566805611,
      1.1037116005016974,
      1.099112513728035
    ],
    "test_acc": [
      47.98,
      55.37,
      57.33,
      58.71,
      59.72,
      61.31,
      62.09,
      61.59,
      61.7,
      62.56
    ]
  }
}