{
  "config": {
    "run_name": "exp1_1",
    "out_dir": "./results",
    "seed": 603990150,
    "device": null,
    "bs_train": 128,
    "bs_test": 32,
    "batches": 100,
    "epochs": 10,
    "early_stopping": 3,
    "checkpoints": null,
    "lr": 0.001,
    "reg": 0.001,
    "filters_per_layer": [
      32
    ],
    "layers_per_block": 16,
    "pool_every": 4,
    "hidden_dims": [
      100
    ],
    "model_type": "cnn",
    "kw": {}
  },
  "results": {
    "num_epochs": 0,
    "train_loss": [
      2.120736280670556,
      1.8087445427389706,
      1.6346112419577206,
      1.5207322845068734,
      1.412195230079124,
      1.3233775263247283,
      1.2405569559472907,
      1.161044615918718,
      1.102361732736573,
      1.0470443686560902
    ],
    "train_acc": [
      17.316,
      30.348,
      37.76,
      42.624,
      47.416,
      51.74,
      55.062,
      57.98,
      60.03,
      62.24
    ],
    "test_loss": [
      1.8775650365664935,
      1.6688353322184504,
      1.5367979592027756,
      1.4414936102236422,
      1.3675198783508886,
      1.3570853041383786,
      1.274063256601937,
      1.1666265615639977,
      1.1582229175506689,
      1.1450796889040036
    ],
    "test_acc": [
      25.38,
      35.68,
      41.95,
      46.16,
      48.95,
      49.75,
      54.4,
      57.84,
      58.92,
      59.08
    ]
  }
}