{
  "config": {
    "run_name": "exp1_2",
    "out_dir": "./results",
    "seed": 1405305164,
    "device": null,
    "bs_train": 128,
    "bs_test": 32,
    "batches": 100,
    "epochs": 10,
    "early_stopping": 3,
    "checkpoints": null,
    "lr": 0.001,
    "reg": 0.001,
    "filters_per_layer": [
      256
    ],
    "layers_per_block": 2,
    "pool_every": 2,
    "hidden_dims": [
      100
    ],
    "model_type": "cnn",
    "kw": {}
  },
  "results": {
    "num_epochs": 0,
    "train_loss": [
      1.4819389011548914,
      1.10393842223965,
      0.9710235985953485,
      0.8818458498591353,
      0.8092406289961637,
      0.7496243450037964,
      0.6914873440247362,
      0.6358309304317855,
      0.5851909510619805,
      0.531155091112532
    ],
    "train_acc": [
      47.098,
      61.198,
      65.968,
      69.022,
      71.584,
      73.938,
      75.59,
      77.512,
      79.38,
      81.408
    ],
    "test_loss": [
      1.1934604827588358,
      1.0815025061464156,
      0.9968012118111023,
      0.972989993354383,
      0.9896636085388378,
      0.9679816980331469,
      0.9870155992599341,
      1.0157679353659146,
      1.019420684716953,
      1.0542097487769568
    ],
    "test_acc": [
      57.51,
      62.29,
      64.88,
      65.8,
      65.53,
      66.89,
      67.0,
      65.95,
      66.33,
      66.58
    ]
  }
}