{
  "config": {
    "run_name": "exp1_3",
    "out_dir": "./results",
    "seed": 920010401,
    "device": null,
    "bs_train": 128,
    "bs_test": 32,
    "batches": 100,
    "epochs": 10,
    "early_stopping": 3,
    "checkpoints": null,
    "lr": 0.001,
    "reg": 0.001,
    "filters_per_layer": [
      64,
      128,
      256
    ],
    "layers_per_block": 3,
    "pool_every": 3,
    "hidden_dims": [
      100
    ],
    "model_type": "cnn",
    "kw": {}
  },
  "results": {
    "num_epochs": 0,
    "train_loss": [
      1.826148147778133,
      1.3843369740049551,
      1.1264865416699967,
      0.9326998425261749,
      0.7709381805966272,
      0.6516694754285886,
      0.5485548716981697,
      0.46258630776954124,
      0.37984737776734334,
      0.31966249900095906
    ],
    "train_acc": [
      32.184,
      49.7,
      59.71,
      66.886,
      72.924,
      77.194,
      80.822,
      83.72,
      86.614,
      88.722
    ],
    "test_loss": [
      1.561741448058107,
      1.2401506222855931,
      1.0616041677066694,
      0.9375936977398662,
      0.8098548182283347,
      0.799286863674371,
      0.7445297484961562,
      0.7560229804188299,
      0.7747442958453974,
      0.8158655623658396
    ],
    "test_acc": [
      42.41,
      55.23,
      62.75,
      67.38,
      72.04,
      72.46,
      75.23,
      75.26,
      75.81,
      76.14
    ]
  }
}