{
  "config": {
    "run_name": "exp1_1",
    "out_dir": "./results",
    "seed": 1982280596,
    "device": null,
    "bs_train": 128,
    "bs_test": 32,
    "batches": 100,
    "epochs": 10,
    "early_stopping": 3,
    "checkpoints": null,
    "lr": 0.001,
    "reg": 0.001,
    "filters_per_layer": [
      64
    ],
    "layers_per_block": 16,
    "pool_every": 4,
    "hidden_dims": [
      100
    ],
    "model_type": "cnn",
    "kw": {}
  },
  "results": {
    "num_epochs": 0,
    "train_loss": [
      2.303115415451167,
      2.3028142982736575,
      2.302751077715393,
      2.302787761249201,
      2.302754824118846,
      2.302749048413523,
      2.302730940796835,
      2.302730628596547,
      2.3027453020100705,
      2.3027172039841752
    ],
    "train_acc": [
      9.95,
      9.976,
      9.914,
      9.808,
      9.728,
      9.876,
      9.802,
      9.652,
      9.7,
      9.648
    ],
    "test_loss": [
      2.302773180099341,
      2.302638434754393,
      2.302645259771865,
      2.302601579660044,
      2.3026766548522364,
      2.3026789948582267,
      2.302606844673522,
      2.302624004717452,
      2.302597874650559,
      2.302598654652556
    ],
    "test_acc": [
      10.0,
      10.0,
      10.0,
      10.0,
      10.0,
      10.0,
      10.0,
      10.0,
      10.0,
      10.0
    ]
  }
}