{
  "config": {
    "run_name": "exp1_1",
    "out_dir": "./results",
    "seed": 694470541,
    "device": null,
    "bs_train": 128,
    "bs_test": 32,
    "batches": 100,
    "epochs": 10,
    "early_stopping": 3,
    "checkpoints": null,
    "lr": 0.001,
    "reg": 0.001,
    "filters_per_layer": [
      32
    ],
    "layers_per_block": 4,
    "pool_every": 2,
    "hidden_dims": [
      100
    ],
    "model_type": "cnn",
    "kw": {}
  },
  "results": {
    "num_epochs": 0,
    "train_loss": [
      1.6708686223725224,
      1.2815159946451407,
      1.1138594449328645,
      0.9845935402014067,
      0.8905180714014546,
      0.820587158203125,
      0.7582052479619565,
      0.7074591204943255,
      0.6642143854399776,
      0.6154713350183824
    ],
    "train_acc": [
      38.99,
      53.99,
      60.152,
      65.094,
      68.484,
      71.102,
      73.392,
      75.224,
      76.628,
      78.368
    ],
    "test_loss": [
      1.351981166071785,
      1.2044129782972244,
      1.0672338321186101,
      0.9791010164986023,
      0.9099143518807408,
      0.8866493298222844,
      0.9100347646889976,
      0.8639914418180911,
      0.835113037889377,
      0.875796382038738
    ],
    "test_acc": [
      51.33,
      56.74,
      62.38,
      65.31,
      67.55,
      69.08,
      68.55,
      70.05,
      71.23,
      70.3
    ]
  }
}