{
  "config": {
    "run_name": "exp1_4",
    "out_dir": "./results",
    "seed": 753860150,
    "device": null,
    "bs_train": 128,
    "bs_test": 32,
    "batches": 100,
    "epochs": 10,
    "early_stopping": 3,
    "checkpoints": null,
    "lr": 0.001,
    "reg": 0.001,
    "filters_per_layer": [
      32
    ],
    "layers_per_block": 8,
    "pool_every": 4,
    "hidden_dims": [
      100
    ],
    "model_type": "resnet",
    "kw": {}
  },
  "results": {
    "num_epochs": 0,
    "train_loss": [
      1.617815959179188,
      1.2426197412983535,
      1.0324822545356458,
      0.8933242836876598,
      0.7858455882352942,
      0.707917430516704,
      0.6381229098190737,
      0.5836687405091112,
      0.5292659281464793,
      0.47997500524496484
    ],
    "train_acc": [
      41.502,
      55.278,
      63.368,
      68.386,
      72.284,
      75.128,
      77.71,
      79.57,
      81.518,
      83.178
    ],
    "test_loss": [
      1.354415552303814,
      1.1652354280026958,
      0.9933434629592651,
      0.9282678963658147,
      0.845552974615615,
      0.7981526432707667,
      0.7927180768582768,
      0.7814810755915536,
      0.7700792014027555,
      0.8238462990465255
    ],
    "test_acc": [
      50.02,
      58.33,
      64.44,
      67.81,
      70.23,
      72.07,
      72.43,
      74.07,
      73.92,
      73.31
    ]
  }
}