{
  "config": {
    "run_name": "exp1_2",
    "out_dir": "./results",
    "seed": 2056812248,
    "device": null,
    "bs_train": 128,
    "bs_test": 32,
    "batches": 100,
    "epochs": 10,
    "early_stopping": 3,
    "checkpoints": null,
    "lr": 0.001,
    "reg": 0.001,
    "filters_per_layer": [
      32
    ],
    "layers_per_block": 2,
    "pool_every": 2,
    "hidden_dims": [
      100
    ],
    "model_type": "cnn",
    "kw": {}
  },
  "results": {
    "num_epochs": 0,
    "train_loss": [
      1.5516747672234654,
      1.1852481773747203,
      1.0102295546275575,
      0.8974264393682065,
      0.8071081449308664,
      0.7307684622762148,
      0.657827860254156,
      0.5849444689348225,
      0.5180586402678429,
      0.4493191223925032
    ],
    "train_acc": [
      44.008,
      58.142,
      64.68,
      68.36,
      71.766,
      74.268,
      76.788,
      79.412,
      81.91,
      84.54
    ],
    "test_loss": [
      1.3400621505591055,
      1.120030022276857,
      1.039507101138179,
      0.976034438648163,
      0.9444365577575878,
      0.9285942297012281,
      0.9513565404727437,
      0.9524895908733526,
      0.9812181369184305,
      1.0310308194388977
    ],
    "test_acc": [
      53.37,
      60.72,
      63.55,
      66.06,
      67.33,
      67.97,
      67.95,
      68.32,
      68.4,
      68.38
    ]
  }
}