{
  "config": {
    "run_name": "exp1_2",
    "out_dir": "./results",
    "seed": 1315140528,
    "device": null,
    "bs_train": 128,
    "bs_test": 32,
    "batches": 100,
    "epochs": 10,
    "early_stopping": 3,
    "checkpoints": null,
    "lr": 0.001,
    "reg": 0.001,
    "filters_per_layer": [
      64
    ],
    "layers_per_block": 2,
    "pool_every": 2,
    "hidden_dims": [
      100
    ],
    "model_type": "cnn",
    "kw": {}
  },
  "results": {
    "num_epochs": 0,
    "train_loss": [
      1.4215693559183185,
      1.0377360390275336,
      0.8710461394561221,
      0.7591600344918877,
      0.6488569801115929,
      0.5432937114744845,
      0.43863625294717073,
      0.3441856364764826,
      0.2601597583507333,
      0.18834358468994766
    ],
    "train_acc": [
      49.064,
      63.472,
      69.502,
      73.426,
      77.368,
      81.106,
      84.976,
      88.152,
      91.184,
      93.78
    ],
    "test_loss": [
      1.1402550840530152,
      0.9897396587335263,
      0.9495083257413139,
      0.9075393433007188,
      0.9398987986409245,
      0.9546900740065895,
      1.0423211533421526,
      1.1370921759559705,
      1.2239015231878994,
      1.3787397195736821
    ],
    "test_acc": [
      59.67,
      65.36,
      66.52,
      68.26,
      68.02,
      68.75,
      68.11,
      67.89,
      68.0,
      67.45
    ]
  }
}