{
  "config": {
    "run_name": "exp1_2",
    "out_dir": "./results",
    "seed": 986777592,
    "device": null,
    "bs_train": 128,
    "bs_test": 32,
    "batches": 100,
    "epochs": 10,
    "early_stopping": 3,
    "checkpoints": null,
    "lr": 0.001,
    "reg": 0.001,
    "filters_per_layer": [
      32
    ],
    "layers_per_block": 4,
    "pool_every": 2,
    "hidden_dims": [
      100
    ],
    "model_type": "cnn",
    "kw": {}
  },
  "results": {
    "num_epochs": 0,
    "train_loss": [
      1.7137719664122442,
      1.2867021097246643,
      1.093264996853021,
      0.9727899497732178,
      0.8866947105778452,
      0.8214425089414162,
      0.764099199143822,
      0.7123511429028133,
      0.6687559630254956,
      0.633715617382313
    ],
    "train_acc": [
      37.196,
      53.88,
      60.99,
      65.672,
      68.65,
      71.12,
      73.234,
      75.006,
      76.59,
      78.008
    ],
    "test_loss": [
      1.3936759778105032,
      1.173968720359924,
      1.0637068580895568,
      0.9877873137355232,
      0.9044170928077576,
      0.9005875755041933,
      0.8660212995145268,
      0.8371024329822284,
      0.8484829546163638,
      0.8424620217027755
    ],
    "test_acc": [
      49.5,
      57.99,
      62.08,
      64.41,
      68.03,
      68.54,
      70.15,
      71.03,
      71.01,
      71.35
    ]
  }
}