{
  "config": {
    "run_name": "exp1_2",
    "out_dir": "./results",
    "seed": 15383281,
    "device": null,
    "bs_train": 128,
    "bs_test": 32,
    "batches": 100,
    "epochs": 10,
    "early_stopping": 3,
    "checkpoints": null,
    "lr": 0.001,
    "reg": 0.001,
    "filters_per_layer": [
      128
    ],
    "layers_per_block": 4,
    "pool_every": 2,
    "hidden_dims": [
      100
    ],
    "model_type": "cnn",
    "kw": {}
  },
  "results": {
    "num_epochs": 0,
    "train_loss": [
      1.581550773757193,
      1.1451997488660886,
      0.924656626513547,
      0.7694855907079204,
      0.6520632380414801,
      0.545806962815697,
      0.4542069300971068,
      0.36804952401944135,
      0.2966464693893862,
      0.22687466126268782
    ],
    "train_acc": [
      42.462,
      59.222,
      67.306,
      72.97,
      76.956,
      80.862,
      84.276,
      86.94,
      89.526,
      92.052
    ],
    "test_loss": [
      1.3070394010208666,
      1.0592869767746604,
      0.9368337807944789,
      0.8437378124688,
      0.8269432969748403,
      0.8075860849203774,
      0.8202817874213758,
      0.8687980091229034,
      0.9803603297224441,
      1.05809815623128
    ],
    "test_acc": [
      52.83,
      61.67,
      67.34,
      70.66,
      72.49,
      72.87,
      73.64,
      73.32,
      73.22,
      72.77
    ]
  }
}