{
  "config": {
    "run_name": "exp1_1",
    "out_dir": "./results",
    "seed": 945252272,
    "device": null,
    "bs_train": 128,
    "bs_test": 32,
    "batches": 100,
    "epochs": 10,
    "early_stopping": 3,
    "checkpoints": null,
    "lr": 0.001,
    "reg": 0.001,
    "filters_per_layer": [
      32
    ],
    "layers_per_block": 2,
    "pool_every": 1,
    "hidden_dims": [
      100
    ],
    "model_type": "cnn",
    "kw": {}
  },
  "results": {
    "num_epochs": 0,
    "train_loss": [
      1.6418088634910486,
      1.299004518162564,
      1.166601234689698,
      1.0828384438439098,
      1.0143988333699647,
      0.948824206886389,
      0.903583653442695,
      0.8620669469808984,
      0.822672500024976,
      0.7885133396938938
    ],
    "train_acc": [
      40.974,
      53.762,
      58.814,
      61.804,
      64.396,
      66.85,
      68.34,
      69.972,
      71.13,
      72.204
    ],
    "test_loss": [
      1.3838764227236422,
      1.22697999606879,
      1.1629781022239416,
      1.0976769200529153,
      1.0279199764751399,
      0.9989780023836861,
      0.9524188056921425,
      0.9327840104270667,
      0.9636427419254193,
      0.9077476038338658
    ],
    "test_acc": [
      51.07,
      56.79,
      59.06,
      60.94,
      63.78,
      65.11,
      66.52,
      67.51,
      66.5,
      68.51
    ]
  }
}