{
  "config": {
    "run_name": "exp1_3",
    "out_dir": "./results",
    "seed": 1192265295,
    "device": null,
    "bs_train": 128,
    "bs_test": 32,
    "batches": 100,
    "epochs": 10,
    "early_stopping": 3,
    "checkpoints": null,
    "lr": 0.001,
    "reg": 0.001,
    "filters_per_layer": [
      64,
      128,
      256
    ],
    "layers_per_block": 1,
    "pool_every": 2,
    "hidden_dims": [
      100
    ],
    "model_type": "cnn",
    "kw": {}
  },
  "results": {
    "num_epochs": 0,
    "train_loss": [
      1.4749073701746322,
      0.9885811964264306,
      0.7776742140045556,
      0.627440391599065,
      0.49057826361692775,
      0.3658347361532928,
      0.2500484495821511,
      0.16408076371683183,
      0.11149530825407608,
      0.08204902590388227
    ],
    "train_acc": [
      46.736,
      65.234,
      72.83,
      78.25,
      82.826,
      87.368,
      91.254,
      94.364,
      96.16,
      97.206
    ],
    "test_loss": [
      1.215502656686801,
      0.9276430172661242,
      0.8249983619958067,
      0.8123950897314297,
      0.8616815634048023,
      0.8817140621879992,
      1.0089873780076877,
      1.218404069114417,
      1.3548996410430811,
      1.4570425600289536
    ],
    "test_acc": [
      56.53,
      67.64,
      70.85,
      72.12,
      70.85,
      72.63,
      72.35,
      71.21,
      71.68,
      71.68
    ]
  }
}