{
  "config": {
    "run_name": "exp1_4",
    "out_dir": "./results",
    "seed": 1095432156,
    "device": null,
    "bs_train": 128,
    "bs_test": 32,
    "batches": 100,
    "epochs": 10,
    "early_stopping": 3,
    "checkpoints": null,
    "lr": 0.001,
    "reg": 0.001,
    "filters_per_layer": [
      32
    ],
    "layers_per_block": 32,
    "pool_every": 6,
    "hidden_dims": [
      100
    ],
    "model_type": "resnet",
    "kw": {}
  },
  "results": {
    "num_epochs": 0,
    "train_loss": [
      1.8787985409007353,
      1.5135254530650575,
      1.316400630394821,
      1.1973250211047395,
      1.1012559193174551,
      1.0223936583379956,
      0.9457654245674153,
      0.8815846162683824,
      0.830230790940697,
      0.7826349985264146
    ],
    "train_acc": [
      29.336,
      44.07,
      52.106,
      56.588,
      60.274,
      63.23,
      66.286,
      68.418,
      70.53,
      72.392
    ],
    "test_loss": [
      1.7336392631165136,
      1.3706860039561701,
      1.2925652939671526,
      1.1474156973841854,
      1.0958722879330571,
      1.0350499747279354,
      0.995201427715655,
      0.9517534639888678,
      0.9117958141972844,
      0.9262507137018271
    ],
    "test_acc": [
      37.2,
      49.91,
      52.79,
      58.93,
      60.87,
      62.95,
      64.49,
      66.57,
      68.45,
      68.48
    ]
  }
}