{
  "config": {
    "run_name": "exp1_1",
    "out_dir": "./results",
    "seed": 1515728886,
    "device": null,
    "bs_train": 128,
    "bs_test": 32,
    "batches": 100,
    "epochs": 10,
    "early_stopping": 3,
    "checkpoints": null,
    "lr": 0.001,
    "reg": 0.001,
    "filters_per_layer": [
      64
    ],
    "layers_per_block": 2,
    "pool_every": 1,
    "hidden_dims": [
      100
    ],
    "model_type": "cnn",
    "kw": {}
  },
  "results": {
    "num_epochs": 0,
    "train_loss": [
      1.5619420980858376,
      1.1960567074358617,
      1.0463511279171995,
      0.9505712016464194,
      0.8794764838255275,
      0.826304091821851,
      0.7729765362751758,
      0.727519862182305,
      0.683641204443734,
      0.6431413343190537
    ],
    "train_acc": [
      44.1,
      57.586,
      63.166,
      66.744,
      69.396,
      71.15,
      72.904,
      74.58,
      76.116,
      77.7
    ],
    "test_loss": [
      1.2726346829447883,
      1.1334957817492013,
      1.014484149579423,
      0.9667426648612221,
      0.9666354145866614,
      0.9135413611658846,
      0.9034098177291334,
      0.8574651651108227,
      0.8786351018058606,
      0.8662468175918531
    ],
    "test_acc": [
      54.09,
      59.84,
      64.26,
      65.83,
      65.59,
      68.24,
      68.1,
      70.35,
      70.85,
      70.2
    ]
  }
}