{
  "config": {
    "run_name": "exp1_4",
    "out_dir": "./results",
    "seed": 1346714292,
    "device": null,
    "bs_train": 128,
    "bs_test": 32,
    "batches": 100,
    "epochs": 10,
    "early_stopping": 3,
    "checkpoints": null,
    "lr": 0.001,
    "reg": 0.001,
    "filters_per_layer": [
      32
    ],
    "layers_per_block": 16,
    "pool_every": 4,
    "hidden_dims": [
      100
    ],
    "model_type": "resnet",
    "kw": {}
  },
  "results": {
    "num_epochs": 0,
    "train_loss": [
      1.7829727211876598,
      1.3799315157448848,
      1.1863150438079444,
      1.0543991830342871,
      0.9398226140405211,
      0.8574716709458919,
      0.7835164179887308,
      0.727328795606218,
      0.6685600573449488,
      0.628830580455263
    ],
    "train_acc": [
      34.158,
      49.552,
      57.066,
      62.37,
      66.44,
      69.566,
      72.348,
      74.294,
      76.538,
      77.816
    ],
    "test_loss": [
      1.473388184373752,
      1.264166981267472,
      1.1217384216503594,
      1.0083887264751399,
      0.951788564078724,
      0.8937472504929612,
      0.8378761949630591,
      0.8289239170452276,
      0.8346594667282349,
      0.8604600802778055
    ],
    "test_acc": [
      46.44,
      54.17,
      59.6,
      64.41,
      66.47,
      68.43,
      70.57,
      71.42,
      71.79,
      70.81
    ]
  }
}