{
  "config": {
    "run_name": "exp1_2",
    "out_dir": "./results",
    "seed": 1829758071,
    "device": null,
    "bs_train": 128,
    "bs_test": 32,
    "batches": 100,
    "epochs": 10,
    "early_stopping": 3,
    "checkpoints": null,
    "lr": 0.001,
    "reg": 0.001,
    "filters_per_layer": [
      64
    ],
    "layers_per_block": 4,
    "pool_every": 2,
    "hidden_dims": [
      100
    ],
    "model_type": "cnn",
    "kw": {}
  },
  "results": {
    "num_epochs": 0,
    "train_loss": [
      1.5767837875639386,
      1.0954018517223465,
      0.8967338230298914,
      0.7629628681465793,
      0.6688306569443334,
      0.5799032538138387,
      0.4983589191875799,
      0.42456331765255356,
      0.3682319660625799,
      0.30739544724564416
    ],
    "train_acc": [
      42.322,
      61.058,
      68.314,
      73.166,
      76.656,
      79.648,
      82.35,
      85.034,
      86.882,
      89.162
    ],
    "test_loss": [
      1.2448473068091055,
      0.9993896484375,
      0.8864787043854833,
      0.8328549321086262,
      0.7803646977336262,
      0.7769520914973542,
      0.7857033239005092,
      0.8168677186813599,
      0.8362079656923922,
      0.9440526017746605
    ],
    "test_acc": [
      55.35,
      64.47,
      68.53,
      71.09,
      72.9,
      73.72,
      74.1,
      74.69,
      73.85,
      73.55
    ]
  }
}