{
  "config": {
    "run_name": "exp1_2",
    "out_dir": "./results",
    "seed": 1666053066,
    "device": null,
    "bs_train": 128,
    "bs_test": 32,
    "batches": 100,
    "epochs": 10,
    "early_stopping": 3,
    "checkpoints": null,
    "lr": 0.001,
    "reg": 0.001,
    "filters_per_layer": [
      256
    ],
    "layers_per_block": 4,
    "pool_every": 2,
    "hidden_dims": [
      100
    ],
    "model_type": "cnn",
    "kw": {}
  },
  "results": {
    "num_epochs": 0,
    "train_loss": [
      1.5482433738610935,
      1.0222426314488091,
      0.7977924005454763,
      0.6437325636139306,
      0.5129149063773777,
      0.39441011628836314,
      0.2876608768082641,
      0.20725498053119007,
      0.1527004485849834,
      0.11366853445692135
    ],
    "train_acc": [
      43.554,
      63.912,
      71.952,
      77.556,
      82.024,
      86.15,
      89.94,
      92.66,
      94.718,
      96.102
    ],
    "test_loss": [
      1.1547898362619808,
      0.9804628024847744,
      0.8731705053164937,
      0.7865435810515675,
      0.7927036468213359,
      0.7982026608988119,
      0.9157374567878894,
      1.0080279755516175,
      1.176446981704273,
      1.316775385944988
    ],
    "test_acc": [
      59.08,
      65.09,
      70.25,
      73.23,
      74.02,
      74.74,
      74.29,
      74.16,
      73.54,
      72.99
    ]
  }
}