{
  "config": {
    "run_name": "exp1_4",
    "out_dir": "./results",
    "seed": 1688610260,
    "device": null,
    "bs_train": 128,
    "bs_test": 32,
    "batches": 100,
    "epochs": 10,
    "early_stopping": 3,
    "checkpoints": null,
    "lr": 0.001,
    "reg": 0.001,
    "filters_per_layer": [
      64,
      128,
      256
    ],
    "layers_per_block": 4,
    "pool_every": 4,
    "hidden_dims": [
      100
    ],
    "model_type": "resnet",
    "kw": {}
  },
  "results": {
    "num_epochs": 0,
    "train_loss": [
      1.6641752043038682,
      1.1844703303578565,
      0.927812425071931,
      0.762990341771899,
      0.6431998718730019,
      0.5364916477057026,
      0.4398239408917439,
      0.3502781470413403,
      0.26444269751039,
      0.20823119180586636
    ],
    "train_acc": [
      38.67,
      57.436,
      67.194,
      73.138,
      77.312,
      81.122,
      84.498,
      87.658,
      90.644,
      92.558
    ],
    "test_loss": [
      1.3469386481629393,
      1.0724801255491214,
      0.9017325209352536,
      0.7525389552497255,
      0.749177487894369,
      0.684440442167532,
      0.7401349734955321,
      0.7156867371580471,
      0.8435808370669429,
      0.8513292794029552
    ],
    "test_acc": [
      50.88,
      62.47,
      68.6,
      73.67,
      73.99,
      76.95,
      76.3,
      77.85,
      76.87,
      77.51
    ]
  }
}