{
  "config": {
    "run_name": "exp1_4",
    "out_dir": "./results",
    "seed": 466395881,
    "device": null,
    "bs_train": 128,
    "bs_test": 32,
    "batches": 100,
    "epochs": 10,
    "early_stopping": 3,
    "checkpoints": null,
    "lr": 0.001,
    "reg": 0.001,
    "filters_per_layer": [
      64,
      128,
      256
    ],
    "layers_per_block": 2,
    "pool_every": 2,
    "hidden_dims": [
      100
    ],
    "model_type": "resnet",
    "kw": {}
  },
  "results": {
    "num_epochs": 0,
    "train_loss": [
      1.5721760235174234,
      1.0428039082480818,
      0.8077748486453005,
      0.6535734679083081,
      0.5318849373351583,
      0.4273768666455203,
      0.33300383194633154,
      0.2552290426190857,
      0.18823726097945973,
      0.14903317814897699
    ],
    "train_acc": [
      41.922,
      62.76,
      71.388,
      76.924,
      81.404,
      85.124,
      88.234,
      90.982,
      93.322,
      94.662
    ],
    "test_loss": [
      1.1839636659469848,
      1.014472157048722,
      0.8507062528080072,
      0.7199402830471247,
      0.706732411734974,
      0.715075459343176,
      0.7214754244770867,
      0.7892619367605581,
      0.8283966356953874,
      0.904844241401258
    ],
    "test_acc": [
      57.37,
      64.12,
      70.92,
      75.12,
      76.11,
      76.2,
      77.0,
      77.74,
      77.1,
      77.65
    ]
  }
}