{
  "config": {
    "run_name": "exp2",
    "out_dir": "./results",
    "seed": 420288584,
    "device": null,
    "bs_train": 128,
    "bs_test": 32,
    "batches": 100,
    "epochs": 25,
    "early_stopping": 3,
    "checkpoints": null,
    "lr": 0.001,
    "reg": 0.001,
    "filters_per_layer": [
      32,
      64,
      128
    ],
    "layers_per_block": 3,
    "pool_every": 1,
    "hidden_dims": [
      100
    ],
    "model_type": "ycn",
    "kw": {}
  },
  "results": {
    "num_epochs": 0,
    "train_loss": [
      1.524597011868606,
      1.0579345390924713,
      0.8554174711027414,
      0.7316341936740729,
      0.640543593774976,
      0.5640274399076887,
      0.4931903653742407,
      0.4481160585837596,
      0.3915480201506554,
      0.35436512198289644,
      0.31011190194912885,
      0.2810022690716912,
      0.24641270161894582,
      0.2343972637830183,
      0.2052073173815637,
      0.18930040052174912,
      0.17795022247392503,
      0.16058289120569252,
      0.14539540088390146,
      0.13252187080090613,
      0.13050752527573528,
      0.11244297271494365,
      0.11347180925061941,
      0.10684428495519302,
      0.10020185309602782
    ],
    "train_acc": [
      40.828,
      61.7,
      69.514,
      74.322,
      77.844,
      80.494,
      83.076,
      84.574,
      86.42,
      87.888,
      89.17,
      90.352,
      91.58,
      92.006,
      92.968,
      93.518,
      94.006,
      94.704,
      95.058,
      95.566,
      95.596,
      96.194,
      96.238,
      96.354,
      96.688
    ],
    "test_loss": [
      1.2345839430348942,
      1.0318404615115815,
      1.031281005079373,
      0.9040636544029552,
      0.7896568127714407,
      0.9018710687899361,
      0.8777113844411442,
      0.9632005782934804,
      0.824189207424371,
      0.9311211436701278,
      0.8342980333029653,
      0.9062181174183805,
      0.9933831455608526,
      1.1575116532298322,
      0.9412712121543031,
      0.9641897183256789,
      0.9080369845746805,
      1.0917139997878396,
      1.0159544533434006,
      1.039157465243111,
      1.0210616139177315,
      1.1326134044903156,
      1.0251516518882289,
      1.1138085313498403,
      1.2815575157872403
    ],
    "test_acc": [
      54.33,
      63.59,
      64.3,
      69.63,
      73.51,
      71.55,
      71.91,
      70.55,
      73.9,
      73.18,
      76.63,
      73.91,
      75.43,
      72.71,
      75.87,
      76.09,
      76.54,
      76.7,
      76.7,
      77.41,
      78.26,
      75.68,
      77.41,
      76.45,
      76.33
    ]
  }
}