{
  "config": {
    "run_name": "exp2",
    "out_dir": "./results",
    "seed": 93236805,
    "device": null,
    "bs_train": 128,
    "bs_test": 32,
    "batches": 100,
    "epochs": 10,
    "early_stopping": 3,
    "checkpoints": null,
    "lr": 0.001,
    "reg": 0.001,
    "filters_per_layer": [
      32,
      64,
      128
    ],
    "layers_per_block": 6,
    "pool_every": 1,
    "hidden_dims": [
      100
    ],
    "model_type": "ycn",
    "kw": {}
  },
  "results": {
    "num_epochs": 0,
    "train_loss": [
      1.6059470408407928,
      1.1157771352002077,
      0.8778682620933903,
      0.7504372365029571,
      0.6544599996503356,
      0.5884117653302829,
      0.5192503087660846,
      0.46375741007382915,
      0.41485736193254474,
      0.3682767668038683
    ],
    "train_acc": [
      36.966,
      59.368,
      68.854,
      73.564,
      77.332,
      79.452,
      81.964,
      83.798,
      85.472,
      87.114
    ],
    "test_loss": [
      1.590382828880042,
      1.010156503500649,
      1.3429113028529354,
      0.972958500773762,
      0.8515266199081469,
      0.7689397647357977,
      0.983929423859325,
      0.728456539848742,
      0.7869406020679413,
      0.7948880424133886
    ],
    "test_acc": [
      43.97,
      63.69,
      53.82,
      67.27,
      72.53,
      74.57,
      68.97,
      76.51,
      75.74,
      75.51
    ]
  }
}