{
  "config": {
    "run_name": "exp2",
    "out_dir": "./results",
    "seed": 1880248473,
    "device": null,
    "bs_train": 128,
    "bs_test": 32,
    "batches": 100,
    "epochs": 10,
    "early_stopping": 3,
    "checkpoints": null,
    "lr": 0.001,
    "reg": 0.001,
    "filters_per_layer": [
      32,
      64,
      128
    ],
    "layers_per_block": 12,
    "pool_every": 1,
    "hidden_dims": [
      100
    ],
    "model_type": "ycn",
    "kw": {}
  },
  "results": {
    "num_epochs": 0,
    "train_loss": [
      1.545865500369645,
      1.0663346000339673,
      0.8740629308363971,
      0.7422878723925032,
      0.6484552173663283,
      0.5705764653432704,
      0.5016339002058025,
      0.44527324081381875,
      0.40468213015505117,
      0.3568257285505914
    ],
    "train_acc": [
      39.698,
      61.166,
      68.836,
      74.024,
      77.592,
      80.198,
      82.602,
      84.626,
      86.156,
      87.738
    ],
    "test_loss": [
      1.2053755007612819,
      1.0908822251584964,
      1.004678939478085,
      0.9228438599802815,
      0.9522072301505092,
      1.0421622279353036,
      1.0496907097082169,
      0.802154053514377,
      0.8386426444251698,
      0.880095948045627
    ],
    "test_acc": [
      55.18,
      60.55,
      64.91,
      68.88,
      68.77,
      68.53,
      67.33,
      75.03,
      73.57,
      73.34
    ]
  }
}