{
  "config": {
    "run_name": "exp2",
    "out_dir": "./results",
    "seed": 1592588009,
    "device": null,
    "bs_train": 128,
    "bs_test": 32,
    "batches": 100,
    "epochs": 10,
    "early_stopping": 3,
    "checkpoints": null,
    "lr": 0.001,
    "reg": 0.001,
    "filters_per_layer": [
      32,
      64,
      128
    ],
    "layers_per_block": 9,
    "pool_every": 1,
    "hidden_dims": [
      100
    ],
    "model_type": "ycn",
    "kw": {}
  },
  "results": {
    "num_epochs": 0,
    "train_loss": [
      1.5908267126058984,
      1.0838475532239051,
      0.8593028817335358,
      0.7295789791799873,
      0.6435007158752597,
      0.5590529575982057,
      0.48790579012897617,
      0.4386422628027094,
      0.3952225394870924,
      0.35017890637488014
    ],
    "train_acc": [
      37.18,
      60.334,
      69.462,
      74.502,
      77.734,
      80.686,
      83.176,
      84.804,
      86.46,
      87.994
    ],
    "test_loss": [
      1.5112645938373601,
      1.375725596857528,
      0.9223266211561502,
      1.0327357088034146,
      0.8082890129698732,
      0.7752118095422325,
      0.9393682997828474,
      0.9988087419503794,
      0.8231314272164537,
      1.076142819925619
    ],
    "test_acc": [
      44.56,
      53.85,
      68.32,
      66.23,
      73.04,
      73.88,
      71.94,
      70.33,
      73.97,
      72.05
    ]
  }
}